{"mean": [89.42462848772321, 115.93515865154656, 126.57454015864158], "std": [75.579951390529, 71.5353556204542, 74.21653308455153], "image_dim": 224}